{"chunk_definitions":[{"chunk_id":"cbzfzskdziusn","chunk_label":"unnamed-chunk-1","document_id":"18AB7C64","expansion_state":0,"options":{"engine":"r","label":"unnamed-chunk-1"},"row":16,"row_count":1,"visible":true},{"chunk_id":"ckthl9dys1uw8","chunk_label":"unnamed-chunk-2","document_id":"18AB7C64","expansion_state":0,"options":{"engine":"r","label":"unnamed-chunk-2"},"row":22,"row_count":1,"visible":true},{"chunk_id":"cw4oz57e1q0zp","chunk_label":"unnamed-chunk-3","document_id":"18AB7C64","expansion_state":0,"options":{},"row":37,"row_count":1,"visible":true},{"chunk_id":"ca1sbwcrlspb3","chunk_label":"unnamed-chunk-4","document_id":"18AB7C64","expansion_state":0,"options":{},"row":51,"row_count":1,"visible":true},{"chunk_id":"cmt8lk0m704lm","chunk_label":"unnamed-chunk-5","document_id":"18AB7C64","expansion_state":0,"options":{},"row":61,"row_count":1,"visible":true},{"chunk_id":"c065zqo5njgej","chunk_label":"unnamed-chunk-6","document_id":"18AB7C64","expansion_state":0,"options":{},"row":67,"row_count":1,"visible":true},{"chunk_id":"c3eoyop8e950x","chunk_label":"unnamed-chunk-7","document_id":"18AB7C64","expansion_state":0,"options":{},"row":76,"row_count":1,"visible":true},{"chunk_id":"cgvqgzr5vgv6n","chunk_label":"unnamed-chunk-8","document_id":"18AB7C64","expansion_state":0,"options":{},"row":84,"row_count":1,"visible":true},{"chunk_id":"c5d02036owp6i","chunk_label":"unnamed-chunk-9","document_id":"18AB7C64","expansion_state":0,"options":{},"row":93,"row_count":1,"visible":true},{"chunk_id":"cdd0sy3zupgjy","chunk_label":"unnamed-chunk-10","document_id":"18AB7C64","expansion_state":0,"options":{},"row":101,"row_count":1,"visible":true},{"chunk_id":"cawcbvb9elgoj","chunk_label":"unnamed-chunk-11","document_id":"18AB7C64","expansion_state":0,"options":{},"row":107,"row_count":1,"visible":true},{"chunk_id":"c596eew2zr2ea","chunk_label":"unnamed-chunk-12","document_id":"18AB7C64","expansion_state":0,"options":{},"row":113,"row_count":1,"visible":true}],"doc_write_time":1581960109}